lisRec, lisIter
2.44E-05,9.31E-07
5.67E-05,7.31E-07
9.81E-05,8.42E-07
0.000101154,9.02E-07
0.000238346,9.72E-07
0.00123138,1.55E-06
0.00117276,1.51E-06
0.00356891,1.42E-06
0.00746468,1.62E-06
0.00558265,1.60E-06
0.0329478,1.93E-06
0.0545256,2.21E-06
0.235256,2.52E-06
0.26042,2.50E-06
0.487231,2.76E-06
0.274531,2.95E-06
5.08223,3.08E-06
9.10389,3.60E-06
5.12197,3.38E-06
18.2962,3.89E-06
22.7072,4.44E-06
65.1895,4.35E-06
221.4,4.34E-06
205.415,4.35E-06
150.069,4.80E-06
