lisRec, lisIter
1.02E-06,2.60E-07
4.77E-06,2.21E-07
1.56E-05,5.41E-07
5.67E-05,9.12E-07
0.00038151,9.32E-07
0.000258004,1.47E-06
0.00148741,1.86E-06
0.00241785,2.47E-06
0.00839382,2.70E-06
0.0164984,3.27E-06
0.00829888,3.83E-06
0.0267172,4.01E-06
0.119602,4.36E-06
0.0932961,5.13E-06
0.0889305,6.33E-06
1.14279,7.02E-06
1.2238,7.14E-06
1.38084,7.45E-06
8.95241,7.96E-06
4.08947,9.16E-06
12.9205,9.99E-06
10.943,1.06E-05
5.48724,1.11E-05
